{
    "total_symbols": 22386058,
    "stats": {
        " ": {
            "count": 3450086,
            "percent": 0.15411762088707176
        },
        "о": {
            "count": 2083374,
            "percent": 0.09306569294156211
        },
        "е": {
            "count": 1549382,
            "percent": 0.06921191752473795
        },
        "а": {
            "count": 1549274,
            "percent": 0.06920709309338875
        },
        "и": {
            "count": 1334906,
            "percent": 0.05963113291317301
        },
        "н": {
            "count": 1220812,
            "percent": 0.054534478558038224
        },
        "т": {
            "count": 1133696,
            "percent": 0.050642949285667
        },
        "с": {
            "count": 1009776,
            "percent": 0.04510736101907714
        },
        "л": {
            "count": 902854,
            "percent": 0.040331084642057126
        },
        "в": {
            "count": 879304,
            "percent": 0.03927909058396972
        },
        "р": {
            "count": 863642,
            "percent": 0.038579458697015796
        },
        "к": {
            "count": 680124,
            "percent": 0.030381588397564233
        },
        "д": {
            "count": 571402,
            "percent": 0.025524904831391037
        },
        "м": {
            "count": 565632,
            "percent": 0.025267155119494462
        },
        "у": {
            "count": 529722,
            "percent": 0.023663031695888573
        },
        "п": {
            "count": 524016,
            "percent": 0.023408140906273002
        },
        "я": {
            "count": 384898,
            "percent": 0.017193647939266483
        },
        "ы": {
            "count": 377278,
            "percent": 0.0168532575051847
        },
        "г": {
            "count": 363000,
            "percent": 0.01621544981255744
        },
        "ь": {
            "count": 359158,
            "percent": 0.016043825134376046
        },
        "б": {
            "count": 328010,
            "percent": 0.014652423396740954
        },
        "з": {
            "count": 323528,
            "percent": 0.014452209495749543
        },
        "ч": {
            "count": 274972,
            "percent": 0.01228318089768194
        },
        "й": {
            "count": 224676,
            "percent": 0.010036425350099602
        },
        "ж": {
            "count": 193160,
            "percent": 0.008628584809348748
        },
        "х": {
            "count": 190720,
            "percent": 0.008519588397385551
        },
        "ш": {
            "count": 171674,
            "percent": 0.007668790994823653
        },
        "ю": {
            "count": 118622,
            "percent": 0.005298923106515672
        },
        "ц": {
            "count": 76082,
            "percent": 0.003398633202862246
        },
        "щ": {
            "count": 60734,
            "percent": 0.0027130279033494866
        },
        "э": {
            "count": 53254,
            "percent": 0.0023788913617573937
        },
        "ф": {
            "count": 32058,
            "percent": 0.0014320520388180894
        },
        "ъ": {
            "count": 6232,
            "percent": 0.0002783875571125564
        }
    }
}